id,title,platform,kategori,depth,status,sensitif_waktu,valid_as_of,related,decisions,path
fnd-001,"Brilliant Basics — produk, harga, promosi",lintas,fundamental,1,canonical,false,2024-Q2,"fnd-002, tts-produk-001, tts-produk-003, tts-campaign-005",,fundamental/01-brilliant-basics-produk-harga-promosi.md
fnd-002,Kalender momen belanja setahun,lintas,fundamental,1,canonical,true,2026-06,"tts-live-005, tts-campaign-001, tts-campaign-004, tts-gmvmax-005",,fundamental/02-kalender-momen-belanja.md
fnd-003,Glosarium istilah,lintas,fundamental,1,canonical,false,2026-07,"tts-benchmark-001, tts-gmvmax-001, tts-segmentasi-000",,fundamental/03-glosarium.md
fnd-analisa-001,"Algoritma bukan jahat, belajar baca data",lintas,analisa,2,canonical,false,2026-01,"fnd-analisa-002, fnd-analisa-003",,fundamental/analisa-dan-diagnosa/01-algoritma-bukan-jahat-baca-data.md
fnd-analisa-002,Omzet turun: fatigue sementara atau akhir siklus produk,lintas,analisa,2,canonical,false,2026-01,"fnd-analisa-001, fnd-analisa-003, tts-traffic-003",,fundamental/analisa-dan-diagnosa/02-omzet-turun-fatigue-atau-siklus-produk.md
fnd-analisa-003,Repeat order rendah: penyebab dan solusi,lintas,analisa,2,canonical,false,2026-01,"fnd-analisa-002, fnd-psikologi-003, tts-traffic-003",,fundamental/analisa-dan-diagnosa/03-repeat-order-rendah-penyebab-dan-solusi.md
fnd-harga-001,Enam strategi penetapan harga,lintas,harga,2,canonical,false,2024-06,"fnd-harga-002, fnd-psikologi-003",,fundamental/strategi-harga/01-enam-pricing-strategy.md
fnd-harga-002,Hitungan HPP dan rumus harga jual,lintas,harga,2,canonical,true,2026-01,"fnd-harga-001, tts-iklan-003",K2-D-OUTDATED-01,fundamental/strategi-harga/02-hitungan-hpp-dan-rumus-harga-jual.md
fnd-komisi-001,Enam model pricing kerjasama seller-agency,lintas,komisi,2,canonical,true,2026-04,"fnd-komisi-002, fnd-komisi-003",,fundamental/model-kerjasama-dan-komisi/01-enam-model-pricing-kerjasama.md
fnd-komisi-002,Lima skema pembagian komisi,lintas,komisi,2,canonical,true,2026-04,"fnd-komisi-001, fnd-komisi-003",,fundamental/model-kerjasama-dan-komisi/02-lima-skema-komisi.md
fnd-komisi-003,Panduan pilih model kerjasama per tipe seller,lintas,komisi,2,canonical,true,2026-04,"fnd-komisi-001, fnd-komisi-002",,fundamental/model-kerjasama-dan-komisi/03-pilih-model-per-tipe-seller.md
fnd-mindset-001,Konsisten saja tidak cukup,lintas,mindset,2,canonical,false,2026-01,"fnd-analisa-001, fnd-analisa-002",,fundamental/mindset-dan-kondisi-pasar/01-konsisten-saja-tidak-cukup.md
fnd-mindset-002,Skill wajib seller yang mau naik kelas,lintas,mindset,1,canonical,false,2026-01,"fnd-operasional-004, fnd-analisa-001",,fundamental/mindset-dan-kondisi-pasar/02-skill-wajib-seller.md
fnd-mindset-003,Peluang saat rupiah melemah,lintas,mindset,2,canonical,true,2026-01,"fnd-operasional-003, fnd-analisa-003",K2-D-OUTDATED-04,fundamental/mindset-dan-kondisi-pasar/03-peluang-saat-rupiah-melemah.md
fnd-mindset-004,Manajemen risiko terhadap perubahan kebijakan & program,lintas,mindset,2,canonical,false,2026-01,"fnd-operasional-003, fnd-mindset-003",,fundamental/mindset-dan-kondisi-pasar/04-manajemen-risiko-kebijakan.md
fnd-operasional-001,Omni-channel: sistem dasar biar gak kacau,lintas,operasional,2,canonical,false,2026-01,"fnd-operasional-002, fnd-analisa-003",,fundamental/operasional-dan-skala/01-omni-channel-sistem-dasar.md
fnd-operasional-002,Tujuh langkah efisiensi operasional tanpa turun kualitas,lintas,operasional,2,canonical,false,2026-01,"fnd-operasional-001, fnd-operasional-003",,fundamental/operasional-dan-skala/02-efisiensi-operasional-7-langkah.md
fnd-operasional-003,Survival mode saat daya beli dan rupiah tertekan,lintas,operasional,2,canonical,true,2026-01,"fnd-operasional-002, fnd-analisa-003, fnd-mindset-003",K2-D-OUTDATED-04,fundamental/operasional-dan-skala/03-survival-mode-saat-daya-beli-turun.md
fnd-operasional-004,Fase scaling dan kapan mulai delegasi,lintas,operasional,3,canonical,false,2026-01,"fnd-operasional-002, fnd-mindset-002",,fundamental/operasional-dan-skala/04-fase-scaling-dan-kapan-delegasi.md
fnd-psikologi-001,"Cara pembeli berpikir (emosi dulu, baru logika)",lintas,psikologi,2,canonical,false,2026-01,"fnd-psikologi-002, fnd-psikologi-003, tts-produk-011",,fundamental/psikologi-pembeli-dan-nilai/01-cara-pembeli-berpikir-emosi-vs-logika.md
fnd-psikologi-002,Tiga level kesadaran pembeli dan funnel konten,lintas,psikologi,2,canonical,false,2026-01,"fnd-psikologi-001, fnd-psikologi-003, tts-iklan-001",,fundamental/psikologi-pembeli-dan-nilai/02-tiga-level-kesadaran-pembeli-dan-funnel.md
fnd-psikologi-003,Jual lebih mahal tapi tetap laku,lintas,psikologi,2,canonical,false,2026-01,"fnd-psikologi-002, fnd-harga-001, fnd-analisa-003",,fundamental/psikologi-pembeli-dan-nilai/03-jual-lebih-mahal-tetap-laku.md
fnd-psikologi-004,Value di atas harga dan strategi Blue Ocean,lintas,psikologi,2,canonical,false,2024-06,"fnd-psikologi-003, fnd-harga-001",,fundamental/psikologi-pembeli-dan-nilai/04-value-vs-harga-dan-blue-ocean.md
tts-000,Kenapa jualan di TikTok Shop beda dari marketplace lain,tiktok-shop,(pengantar),1,canonical,false,2024-Q2 / 2026-06,"tts-produk-009, tts-segmentasi-000, tts-ads-001, tts-konten-001",,tiktok-shop/00-kenapa-jualan-di-tiktok-shop-beda.md
tts-ads-001,Dapetin penjualan pertama SKU baru pakai PSA,tiktok-shop,iklan/shopping-ads,1,canonical,true,2024-Q2,"tts-ads-002, tts-produk-009, tts-produk-006","K1-D-OUTDATED-01, K1-D-CONFLICT-05",tiktok-shop/iklan/shopping-ads/01-dapetin-penjualan-pertama-pakai-psa.md
tts-ads-002,Nyambungin konten kreator ke VSA,tiktok-shop,iklan/shopping-ads,2,canonical,true,2024-Q2,"tts-ads-001, tts-konten-003, tts-konten-004, tts-produk-001",K1-D-OUTDATED-01,tiktok-shop/iklan/shopping-ads/02-nyambungin-konten-kreator-ke-vsa.md
tts-ads-003,Naikin traffic live pakai LSA,tiktok-shop,iklan/shopping-ads,2,canonical,true,2024-Q2,"tts-ads-004, tts-live-001, tts-live-003, tts-gmvmax-005",K1-D-OUTDATED-01,tiktok-shop/iklan/shopping-ads/03-naikin-traffic-live-pakai-lsa.md
tts-ads-004,Milih LIVE-to-LIVE atau Video-to-LIVE,tiktok-shop,iklan/shopping-ads,2,blocked,true,2024-Q2,"tts-ads-003, tts-live-007, tts-segmentasi-001","K1-D-CONFLICT-02, K1-D-OUTDATED-01",tiktok-shop/iklan/shopping-ads/04-milih-live-to-live-atau-video-to-live.md
tts-ads-005,Beda GMV Max dan Shop Ads kustom,tiktok-shop,iklan/shopping-ads,1,canonical,true,2024-Q2 / 2026-01,"tts-gmvmax-001, tts-ads-001, tts-ads-002",K1-D-OUTDATED-01,tiktok-shop/iklan/shopping-ads/05-beda-gmv-max-dan-shop-ads-kustom.md
tts-afiliasi-001,Open vs Targeted Collaboration — pilih yang mana,tiktok-shop,afiliasi,1,canonical,true,2025-10,"tts-segmentasi-000, tts-afiliasi-002, tts-afiliasi-003, tts-konten-004",,tiktok-shop/afiliasi/01-open-vs-targeted-collaboration.md
tts-afiliasi-002,Kolaborasi Plus,tiktok-shop,afiliasi,3,blocked,true,2026-03,"tts-afiliasi-001, tts-afiliasi-003",K1-D-GAP-08,tiktok-shop/afiliasi/02-kolaborasi-plus.md
tts-afiliasi-003,Campaign Kolaborasi Afiliasi — sampel dan komisi,tiktok-shop,afiliasi,2,canonical,true,2025-11,"tts-afiliasi-001, tts-afiliasi-004, tts-campaign-001",,tiktok-shop/afiliasi/03-campaign-kolaborasi-afiliasi.md
tts-afiliasi-004,Lacak komisi kreator dan biaya iklan afiliasi,tiktok-shop,afiliasi,2,canonical,true,2025-07,"tts-afiliasi-001, tts-gmvmax-007, tts-gmvmax-002",,tiktok-shop/afiliasi/04-lacak-komisi-dan-biaya-afiliasi.md
tts-afiliasi-005,Kenapa dan cara mulai kolaborasi affiliate,tiktok-shop,afiliasi,1,canonical,true,2026-01,"tts-afiliasi-006, tts-afiliasi-007, tts-konten-011",,tiktok-shop/afiliasi/01-kenapa-dan-cara-kolaborasi-affiliate.md
tts-afiliasi-006,Kolaborasi affiliate terbuka vs bertarget,tiktok-shop,afiliasi,2,canonical,true,2026-01,"tts-afiliasi-005, tts-afiliasi-007",K2-D-OUTDATED-03,tiktok-shop/afiliasi/02-kolaborasi-terbuka-vs-bertarget.md
tts-afiliasi-007,Bikin produk dilirik kreator,tiktok-shop,afiliasi,2,canonical,true,2026-01,"tts-afiliasi-006, tts-produk-011",K2-D-OUTDATED-03,tiktok-shop/afiliasi/03-optimasi-produk-agar-dilirik-kreator.md
tts-afiliasi-008,"Program Afiliasi ID — syarat, akses, dan Terbuka vs Bertarget",tiktok-shop,afiliasi,1,canonical,true,2026-07,"tts-afiliasi-001, tts-afiliasi-005, tts-afiliasi-009","K2-D-OUTDATED-03, M-D-MERGE-01",tiktok-shop/afiliasi/08-program-afiliasi-id-terbuka-vs-bertarget.md
tts-afiliasi-009,Kiat bikin produk dilirik kreator + referensi komisi ID,tiktok-shop,afiliasi,2,canonical,true,2026-07,"tts-afiliasi-008, tts-afiliasi-005",K2-D-OUTDATED-03,tiktok-shop/afiliasi/09-kiat-bikin-produk-dilirik-kreator.md
tts-benchmark-001,"Baca benchmark ROI, Take Rate, dan GPM per kategori",tiktok-shop,metrik-dan-pengukuran/benchmark,2,canonical,true,2025-12 (ROI) / 2026-04 (TR & GPM),"tts-segmentasi-002, tts-gmvmax-002",,tiktok-shop/metrik-dan-pengukuran/benchmark/01-baca-benchmark-roi-tr-dan-gpm-per-kategori.md
tts-benchmark-002,Kerangka ACE dan Business Accelerator,tiktok-shop,metrik-dan-pengukuran/benchmark,3,blocked,true,2024-Q2,"tts-benchmark-001, tts-segmentasi-000, tts-live-003",K1-D-GAP-01,tiktok-shop/metrik-dan-pengukuran/benchmark/02-kerangka-ace-dan-business-accelerator.md
tts-benchmark-003,Benchmark performa & target Take Rate per kategori — Q3 2026 (ID),tiktok-shop,metrik-dan-pengukuran/benchmark,2,canonical,true,2026-Q3,"tts-benchmark-001, tts-metrik-006, tts-live-019, tts-segmentasi-002","K1-D-GAP-04, K1-D-OUTDATED-05, K2-D-GAP-001",tiktok-shop/metrik-dan-pengukuran/benchmark/03-benchmark-q3-2026-per-kategori.md
tts-branding-001,Kapan toko butuh Branding Ads,tiktok-shop,iklan/branding-dan-premium,3,canonical,true,2026-01,"tts-branding-002, tts-segmentasi-003",K1-D-GAP-01,tiktok-shop/iklan/branding-dan-premium/01-kapan-toko-butuh-branding-ads.md
tts-branding-002,"Premium Reach — TopView, TopFeed, Pulse",tiktok-shop,iklan/branding-dan-premium,3,canonical,true,2026-01,"tts-branding-001, tts-segmentasi-003",K1-D-GAP-01,tiktok-shop/iklan/branding-dan-premium/02-premium-reach-topview-topfeed-pulse.md
tts-campaign-001,Daftar dan tarik diri dari Mega Campaign,tiktok-shop,campaign,1,canonical,true,2026-03,"tts-segmentasi-000, tts-campaign-002, tts-campaign-003, tts-live-005",,tiktok-shop/campaign/01-daftar-dan-tarik-diri-mega-campaign.md
tts-campaign-002,Ikut lebih dari satu campaign dan gabung promo sendiri,tiktok-shop,campaign,2,canonical,true,2025-12,"tts-campaign-001, tts-live-010, tts-live-006",,tiktok-shop/campaign/02-ikut-lebih-dari-satu-campaign.md
tts-campaign-003,Daftar campaign dengan GMV Max — iklan yang dibuat otomatis,tiktok-shop,campaign,2,canonical,true,2026-01,"tts-campaign-001, tts-campaign-004, tts-gmvmax-002, tts-gmvmax-001",,tiktok-shop/campaign/03-daftar-campaign-dengan-gmv-max.md
tts-campaign-004,Promotion Days — naikin budget otomatis di momen belanja,tiktok-shop,campaign,2,canonical,true,2025-10,"tts-gmvmax-002, tts-gmvmax-005, tts-campaign-003, fnd-002",,tiktok-shop/campaign/04-promotion-days.md
tts-campaign-005,Deal Hunting Campaign — promo always-on,tiktok-shop,campaign,1,canonical,true,2026-04,"tts-segmentasi-000, tts-campaign-001, tts-produk-001",,tiktok-shop/campaign/05-deal-hunting-campaign.md
tts-campaign-006,Campaign Commission Fee Package — paket dukungan berbayar,tiktok-shop,campaign,3,canonical,true,tidak-diketahui,"tts-campaign-001, tts-campaign-005",,tiktok-shop/campaign/06-campaign-commission-fee-package.md
tts-campaign-007,Peta alat promosi Seller Center — pilih promo sesuai tujuan,tiktok-shop,campaign,1,canonical,true,2026-07,"tts-campaign-001, tts-campaign-004, tts-live-019, tts-afiliasi-009, tts-metrik-007",,tiktok-shop/campaign/07-peta-alat-promosi-seller-center.md
tts-creative-001,Short video sebagai creative penarik dan penyaring audiens,tiktok-shop,creative,2,canonical,false,2026-04,"tts-metrik-001, tts-live-015",,tiktok-shop/creative-dan-audience/01-short-video-sebagai-creative-penarik-audiens.md
tts-creative-002,Cocokin creative dengan profil audiens tiap produk,tiktok-shop,creative,3,canonical,false,2026-04,tts-creative-001,,tiktok-shop/creative-dan-audience/02-cocokin-creative-dengan-profil-audiens-produk.md
tts-dasar-001,Persona dan habit pembeli TikTok Shop,tiktok-shop,dasar,1,canonical,false,2026-01,"tts-dasar-002, tts-produk-011",,tiktok-shop/dasar/01-persona-dan-habit-pembeli.md
tts-dasar-002,Bikin buyer persona dan baca kebutuhan konsumen,tiktok-shop,dasar,1,canonical,false,2025-10,"tts-dasar-001, fnd-psikologi-001",,tiktok-shop/dasar/02-buyer-persona-dan-kebutuhan-konsumen.md
tts-dasar-003,Empat elemen wajib produk laris,tiktok-shop,dasar,1,canonical,false,2025-10,"tts-produk-010, tts-produk-011",,tiktok-shop/dasar/03-empat-elemen-produk-laris.md
tts-diversity-001,"Kerangka diversity live — WHERE, WHO, WHAT, HOW",tiktok-shop,live/diversity-innovation,1,canonical,false,2026-03,"tts-diversity-002, tts-diversity-003, tts-diversity-004, tts-diversity-005, tts-live-003",,tiktok-shop/live/diversity-innovation/01-kerangka-diversity-where-who-what-how.md
tts-diversity-002,"Standar WHERE — live dari gudang, toko, mall, atau lapangan",tiktok-shop,live/diversity-innovation,2,canonical,false,2026-03,"tts-diversity-001, tts-diversity-003, tts-live-003",,tiktok-shop/live/diversity-innovation/02-standar-where-lokasi-live.md
tts-diversity-003,"Standar WHO — host, persona, expert, selebriti, dan pet",tiktok-shop,live/diversity-innovation,2,canonical,false,2026-03,"tts-diversity-001, tts-diversity-005, tts-live-002, tts-pelanggaran-konten-006",,tiktok-shop/live/diversity-innovation/03-standar-who-host-dan-persona.md
tts-diversity-004,"Standar WHAT — tema tren, seasonal, dan brand",tiktok-shop,live/diversity-innovation,2,canonical,false,2026-03,"tts-diversity-001, tts-diversity-002, tts-pelanggaran-konten-008, fnd-002",,tiktok-shop/live/diversity-innovation/04-standar-what-tema-live.md
tts-diversity-005,Standar HOW — cara nampilin produk yang bikin orang percaya,tiktok-shop,live/diversity-innovation,2,canonical,false,2026-03,"tts-diversity-001, tts-diversity-003, tts-live-004, tts-pelanggaran-konten-008",,tiktok-shop/live/diversity-innovation/05-standar-how-cara-nampilin-produk.md
tts-gmvmax-001,Ngerti apa itu Product GMV Max,tiktok-shop,iklan/gmv-max,1,canonical,true,2025-10 (mekanisme) / 2026-06 (varian & penempatan),"tts-gmvmax-002, tts-gmvmax-003, tts-gmvmax-007, tts-ads-005","K1-D-OUTDATED-02, K1-D-CONFLICT-03, K1-D-CONFLICT-04",tiktok-shop/iklan/gmv-max/01-ngerti-apa-itu-product-gmv-max.md
tts-gmvmax-002,Checklist setting Product GMV Max,tiktok-shop,iklan/gmv-max,2,canonical,true,2026-01,"tts-gmvmax-001, tts-gmvmax-003, tts-gmvmax-007, tts-produk-001, tts-segmentasi-002, tts-metrik-007","K1-D-OUTDATED-02, K1-D-CONFLICT-03",tiktok-shop/iklan/gmv-max/02-checklist-setting-product-gmv-max.md
tts-gmvmax-003,Baca status video di GMV Max dan apa tindakannya,tiktok-shop,iklan/gmv-max,2,canonical,true,2025-10,"tts-gmvmax-001, tts-gmvmax-004, tts-gmvmax-006, tts-konten-001, tts-metrik-007",K1-D-OUTDATED-02,tiktok-shop/iklan/gmv-max/03-baca-status-video-di-gmv-max.md
tts-gmvmax-004,Kapan pakai Creative Boost dan kapan jangan,tiktok-shop,iklan/gmv-max,3,canonical,true,2025-10,"tts-gmvmax-003, tts-gmvmax-006, tts-metrik-007",K1-D-OUTDATED-02,tiktok-shop/iklan/gmv-max/04-kapan-pakai-creative-boost.md
tts-gmvmax-005,Maksimalin Live GMV Max di Mega Live,tiktok-shop,iklan/gmv-max,3,canonical,true,2026-01 (agency) / 2025-10 & 2026-06 (Seller University),"tts-live-005, tts-live-007, tts-ads-003, tts-campaign-004",K1-D-OUTDATED-02,tiktok-shop/iklan/gmv-max/05-live-gmv-max-dan-mega-live.md
tts-gmvmax-006,Kenapa video nyangkut di In Queue dan Not Delivering,tiktok-shop,iklan/gmv-max,2,canonical,true,2025-10,"tts-gmvmax-003, tts-gmvmax-004, tts-konten-001",K1-D-OUTDATED-02,tiktok-shop/iklan/gmv-max/06-kenapa-video-nyangkut-di-in-queue.md
tts-gmvmax-007,GMV Max Net Sales — iklan yang biayanya ditagih belakangan,tiktok-shop,iklan/gmv-max,1,canonical,true,2026-06-11,"tts-gmvmax-001, tts-gmvmax-002, tts-segmentasi-000","K1-D-CONFLICT-03, K1-D-GAP-07",tiktok-shop/iklan/gmv-max/07-gmv-max-net-sales-tanpa-modal-iklan.md
tts-iklan-001,GMV Max (iklan konversi) vs membangun branding,tiktok-shop,iklan,2,canonical,false,2026-01,"tts-iklan-002, tts-iklan-003, fnd-psikologi-002",,tiktok-shop/iklan/dasar-iklan/01-gmv-max-vs-branding.md
tts-iklan-002,"PSA, VSA, LSA dan jalur pengembangan SKU",tiktok-shop,iklan,2,canonical,true,2025-03,"tts-produk-012, tts-iklan-003, tts-afiliasi-005",K2-D-OUTDATED-01,tiktok-shop/iklan/dasar-iklan/02-psa-vsa-lsa-dan-jalur-sku.md
tts-iklan-003,Baca metrik iklan TikTok dan patokan sehat,tiktok-shop,iklan,2,canonical,false,2025-10,"tts-iklan-002, fnd-harga-002",,tiktok-shop/iklan/dasar-iklan/03-baca-metrik-iklan-dan-patokan.md
tts-kategori-khusus-001,Aturan jual Trading Card dan Blind Box,tiktok-shop,kebijakan-dan-kepatuhan/kategori-khusus,2,canonical,true,"tidak-diketahui (ditandai ""New Tambahan Guidelines"" di sumber)","tts-kategori-khusus-002, tts-kategori-khusus-003, tts-pelanggaran-konten-001",K1-D-OUTDATED-04,tiktok-shop/kebijakan-dan-kepatuhan/kategori-khusus/01-aturan-jual-trading-card-dan-blind-box.md
tts-kategori-khusus-002,Format LIVE Break yang boleh dan dilarang,tiktok-shop,kebijakan-dan-kepatuhan/kategori-khusus,2,canonical,true,"tidak-diketahui (ditandai ""New Tambahan Guidelines"" di sumber)","tts-kategori-khusus-001, tts-kategori-khusus-003, tts-pelanggaran-konten-001",K1-D-OUTDATED-04,tiktok-shop/kebijakan-dan-kepatuhan/kategori-khusus/02-format-live-break-yang-boleh-dan-dilarang.md
tts-kategori-khusus-003,Milih kategori L3 dan L4 buat produk kejutan,tiktok-shop,kebijakan-dan-kepatuhan/kategori-khusus,2,canonical,true,"tidak-diketahui (ditandai ""New Tambahan Guidelines"" di sumber)","tts-kategori-khusus-001, tts-kategori-khusus-002, tts-benchmark-001",K1-D-OUTDATED-04,tiktok-shop/kebijakan-dan-kepatuhan/kategori-khusus/03-milih-kategori-l3-dan-l4-yang-benar.md
tts-kebijakan-iklan-001,Alur review iklan TikTok dan kenapa produk lu bisa gak lolos duluan,tiktok-shop,kebijakan-dan-kepatuhan/kebijakan-iklan,1,canonical,true,tidak-diketahui,"tts-kebijakan-iklan-002, tts-kebijakan-iklan-003",,tiktok-shop/kebijakan-dan-kepatuhan/kebijakan-iklan/01-alur-review-iklan-tiktok.md
tts-kebijakan-iklan-002,Industri yang dilarang dan dibatasi buat diiklankan,tiktok-shop,kebijakan-dan-kepatuhan/kebijakan-iklan,1,canonical,true,tidak-diketahui (kebijakan iklan) / 2026-04 (kategori produk),"tts-kebijakan-iklan-001, tts-kebijakan-iklan-003, tts-pelanggaran-konten-005, tts-upload-005",,tiktok-shop/kebijakan-dan-kepatuhan/kebijakan-iklan/02-industri-yang-dilarang-dan-dibatasi.md
tts-kebijakan-iklan-003,Empat alasan materi iklan ditolak,tiktok-shop,kebijakan-dan-kepatuhan/kebijakan-iklan,2,canonical,true,tidak-diketahui,"tts-kebijakan-iklan-002, tts-pelanggaran-konten-004, tts-pelanggaran-konten-006",,tiktok-shop/kebijakan-dan-kepatuhan/kebijakan-iklan/03-empat-alasan-iklan-ditolak.md
tts-kebijakan-iklan-004,Setting target iklan yang bikin lolos Policy Check,tiktok-shop,kebijakan-dan-kepatuhan/kebijakan-iklan,1,canonical,true,tidak-diketahui,"tts-kebijakan-iklan-001, tts-kebijakan-iklan-002",,tiktok-shop/kebijakan-dan-kepatuhan/kebijakan-iklan/04-setting-target-iklan-usia-mata-uang-bahasa.md
tts-konten-001,"Kuantitas dulu, baru kualitas",tiktok-shop,konten-dan-kreatif,1,canonical,false,2026-01 (agency) / 2026-06 (Seller University),"tts-konten-002, tts-konten-003, tts-live-007, tts-gmvmax-001, tts-segmentasi-000",K1-D-CONFLICT-04,tiktok-shop/konten-dan-kreatif/01-kuantitas-dulu-baru-kualitas.md
tts-konten-002,"Baca CTR, CVR, dan 6s VTR buat tahu apa yang diperbaiki",tiktok-shop,konten-dan-kreatif,2,canonical,false,2026-01,"tts-konten-001, tts-konten-003, tts-gmvmax-003",,tiktok-shop/konten-dan-kreatif/02-baca-ctr-cvr-dan-vtr.md
tts-konten-003,Struktur video tiga babak,tiktok-shop,konten-dan-kreatif,1,canonical,false,2024-Q2 / 2025-01,"tts-konten-002, tts-konten-008, tts-konten-004, tts-pelanggaran-konten-004",,tiktok-shop/konten-dan-kreatif/03-struktur-video-tiga-babak.md
tts-konten-004,Kerja sama kreator vs produksi sendiri,tiktok-shop,konten-dan-kreatif,2,canonical,false,2021-2024 (angka) / 2025-10 (afiliasi),"tts-konten-001, tts-afiliasi-001, tts-ads-002, tts-live-008",K1-D-OUTDATED-01,tiktok-shop/konten-dan-kreatif/04-kreator-vs-produksi-sendiri.md
tts-konten-005,Winning formula per vertical,tiktok-shop,konten-dan-kreatif,3,canonical,true,2026-01,"tts-konten-006, tts-konten-003, tts-diversity-001",K1-D-GAP-01,tiktok-shop/konten-dan-kreatif/05-winning-formula-per-vertical.md
tts-konten-006,Nyusun konten momen Ramadan,tiktok-shop,konten-dan-kreatif,2,blocked,true,2026-02,"tts-konten-005, tts-diversity-004, fnd-002, tts-live-005",K1-D-GAP-01,tiktok-shop/konten-dan-kreatif/06-konten-momen-ramadan.md
tts-konten-007,"Solusi produksi kreatif jalur agency (TTCX, TTCM, Symphony)",tiktok-shop,konten-dan-kreatif,3,canonical,true,2024-Q2,"tts-konten-004, tts-konten-009, tts-branding-001",K1-D-GAP-01,tiktok-shop/konten-dan-kreatif/07-solusi-produksi-kreatif-tiktok-one.md
tts-konten-008,Durasi video pendek dan keranjang kuning,tiktok-shop,konten-dan-kreatif,1,canonical,true,2025-10 / 2025-01,"tts-konten-003, tts-konten-001, tts-segmentasi-000",,tiktok-shop/konten-dan-kreatif/08-durasi-dan-hook-video-pendek.md
tts-konten-009,Video Maker — generate video jualan dari foto produk,tiktok-shop,konten-dan-kreatif,1,canonical,true,2026-04,"tts-konten-001, tts-konten-004, tts-upload-001, tts-live-008",,tiktok-shop/konten-dan-kreatif/09-video-maker-ai.md
tts-konten-010,"Tiga jenis konten short video (shoppable, seeding, teaser)",tiktok-shop,konten-dan-kreatif,1,canonical,false,2026-01,"tts-konten-011, tts-live-012",,tiktok-shop/konten-dan-kreatif/01-jenis-konten-shoppable-seeding-teaser.md
tts-konten-011,Bikin banyak konten untuk satu SKU,tiktok-shop,konten-dan-kreatif,2,canonical,false,2026-01,"tts-konten-010, tts-produk-010, tts-afiliasi-005",,tiktok-shop/konten-dan-kreatif/02-bikin-banyak-konten-per-sku.md
tts-konten-012,Materi iklan video yang efektif (hook 3 detik dan struktur),tiktok-shop,konten-dan-kreatif,2,canonical,false,2025-03,"tts-konten-011, tts-iklan-002",,tiktok-shop/konten-dan-kreatif/03-materi-iklan-video-yang-efektif.md
tts-live-001,Nentuin durasi dan frekuensi live yang realistis,tiktok-shop,live,1,canonical,false,2026-07 (keputusan Yohan; sumber 2024-Q2 dan 2026-01),"tts-live-002, tts-live-004, tts-live-005, tts-live-009, tts-pelanggaran-konten-002",,tiktok-shop/live/01-nentuin-durasi-dan-frekuensi-live.md
tts-live-002,Tiga faktor yang nentuin live lu jalan,tiktok-shop,live,1,canonical,false,2024-Q2,"tts-live-001, tts-live-003, tts-live-004, tts-live-006",K1-D-OUTDATED-01,tiktok-shop/live/02-tiga-faktor-yang-nentuin-live-jalan.md
tts-live-003,Baca funnel konversi live buat nemuin bocornya,tiktok-shop,live,2,canonical,false,2024-Q2,"tts-live-001, tts-live-002, tts-live-007, tts-ads-003, tts-metrik-004, tts-live-017, tts-metrik-005",,tiktok-shop/live/03-baca-funnel-konversi-live.md
tts-live-004,Nyusun skrip live yang diulang tiap 3 menit,tiktok-shop,live,1,canonical,false,2024-Q2,"tts-live-002, tts-live-003, tts-live-006, tts-pelanggaran-konten-004",K1-D-OUTDATED-01,tiktok-shop/live/04-nyusun-skrip-live-yang-diulang.md
tts-live-005,"Bedain live besar, live kecil, dan live harian",tiktok-shop,live,2,canonical,false,2023-2024,"tts-live-001, tts-live-004, tts-live-006, fnd-002",K1-D-OUTDATED-01,tiktok-shop/live/05-bedain-live-besar-kecil-dan-harian.md
tts-live-006,Nyusun etalase dan diskon per jenis live,tiktok-shop,live,2,canonical,false,2024-Q2,"tts-live-002, tts-live-005, tts-produk-008, tts-produk-001",,tiktok-shop/live/06-nyusun-etalase-dan-diskon-per-jenis-live.md
tts-live-007,Naikin traffic live dari video teaser,tiktok-shop,live,2,canonical,false,2026-01 (agency) / 2026-05 (Seller University),"tts-live-003, tts-live-009, tts-ads-004, tts-konten-001, tts-live-008",,tiktok-shop/live/07-naikin-traffic-live-dari-video-teaser.md
tts-live-008,Pakai Auto Remix kalau kapasitas produksi kurang,tiktok-shop,live,2,blocked,true,2026-01,"tts-live-007, tts-konten-001, tts-konten-004","K1-D-OUTDATED-02, K1-D-GAP-01",tiktok-shop/live/08-pakai-auto-remix-kalau-kapasitas-produksi-kurang.md
tts-live-009,Rencana LIVE dan hub Jualan LIVE,tiktok-shop,live,1,canonical,true,2026-05,"tts-live-001, tts-live-007, tts-segmentasi-000, tts-live-010, tts-live-011",,tiktok-shop/live/09-rencana-live-dan-hub-jualan-live.md
tts-live-010,Tiga jenis Flash Sale dan aturan harganya,tiktok-shop,live,2,canonical,true,2026-03,"tts-live-009, tts-live-011, tts-live-006, tts-campaign-002",,tiktok-shop/live/10-live-flash-sale.md
tts-live-011,Voucher LIVE penjual dan aturan pin,tiktok-shop,live,2,canonical,true,2026-06,"tts-live-009, tts-live-010, tts-live-006, tts-live-004",,tiktok-shop/live/11-voucher-live-penjual.md
tts-live-012,"Cara live TikTok Shop laris (produk, urgensi, tim)",tiktok-shop,live,2,canonical,true,2026-01,"tts-live-013, tts-live-014, tts-konten-010",,tiktok-shop/live/01-cara-live-laris.md
tts-live-013,Beda live seller vs live kreator (dan kenapa kreator lebih besar),tiktok-shop,live,2,canonical,true,2026-01,"tts-live-012, tts-afiliasi-005",K2-D-OUTDATED-02,tiktok-shop/live/02-beda-live-seller-vs-kreator.md
tts-live-014,GPM dan metrik efisiensi traffic live,tiktok-shop,live,3,canonical,false,2026-01,"tts-live-012, tts-live-013",,tiktok-shop/live/03-gpm-dan-metrik-live-efficiency.md
tts-live-015,Logika trafik live room lewat dua umpan balik,tiktok-shop,live,2,canonical,false,2026-04,"tts-live-017, tts-metrik-004",,tiktok-shop/live/04-logika-streaming-dan-jalur-perilaku-user.md
tts-live-016,Pengaruh durasi dan konsistensi live ke trafik,tiktok-shop,live,2,canonical,false,2026-04,tts-live-015,,tiktok-shop/live/05-durasi-dan-konsistensi-live.md
tts-live-017,Diagnosa live pakai Lima Dimensi Empat Rate,tiktok-shop,live,3,canonical,false,2026-04,"tts-metrik-004, tts-live-018, tts-live-003, tts-metrik-005",,tiktok-shop/live/06-lima-dimensi-empat-rate.md
tts-live-018,Review live lima langkah setelah sesi,tiktok-shop,live,2,canonical,false,2026-04,tts-live-017,,tiktok-shop/live/07-review-live-lima-langkah.md
tts-live-019,"Naikin empat metrik efisiensi live (ERR, CTR, C_O, AOV)",tiktok-shop,live,2,canonical,false,2026-07,"tts-metrik-006, tts-live-003, tts-live-006, tts-live-017",M-D-MERGE-04,tiktok-shop/live/19-naikin-empat-metrik-efisiensi-live.md
tts-metrik-001,Ngitung GMV lewat PV dan GPM,tiktok-shop,metrik,1,canonical,false,2026-04,"tts-metrik-002, tts-metrik-004",,tiktok-shop/metrik-dan-pengukuran/rumus/01-ngitung-gmv-lewat-pv-dan-gpm.md
tts-metrik-002,Baca ROI lewat GPM dibagi CPM,tiktok-shop,metrik,2,canonical,true,2026-04,tts-metrik-001,,tiktok-shop/metrik-dan-pengukuran/rumus/02-cpm-dan-roi-full-channel.md
tts-metrik-003,Beda Settlement GMV dan Paid GMV,tiktok-shop,metrik,3,canonical,true,2026-04,tts-metrik-001,,tiktok-shop/metrik-dan-pengukuran/rumus/03-settlement-gmv-vs-paid-gmv.md
tts-metrik-004,Pakai UV value buat ukur efisiensi live room,tiktok-shop,metrik,2,canonical,false,2026-04,"tts-metrik-001, tts-live-017, tts-live-003, tts-metrik-005",,tiktok-shop/metrik-dan-pengukuran/rumus/04-uv-value-live-room.md
tts-metrik-005,"Kamus metrik live — peta GPM, UV value, dan 5D4R",tiktok-shop,metrik-dan-pengukuran/rumus,1,canonical,false,2026-07,"tts-live-003, tts-metrik-004, tts-live-017, tts-live-006, tts-metrik-006","M-D-MERGE-04, K2-D-MERGE-02",tiktok-shop/metrik-dan-pengukuran/rumus/05-kamus-metrik-live.md
tts-metrik-006,Rumus GPM dan funnel efisiensi trafik live,tiktok-shop,metrik-dan-pengukuran/rumus,2,canonical,false,2026-07,"tts-metrik-001, tts-metrik-004, tts-metrik-005, tts-live-003, tts-live-017, tts-live-019",M-D-MERGE-04,tiktok-shop/metrik-dan-pengukuran/rumus/06-gpm-funnel-efisiensi-trafik-live.md
tts-metrik-007,Di mana cek angka — peta Analitik Seller Center,tiktok-shop,metrik-dan-pengukuran/rumus,1,canonical,true,2026-07,"tts-metrik-001, tts-metrik-005, tts-metrik-006, tts-benchmark-003, tts-live-019",,tiktok-shop/metrik-dan-pengukuran/rumus/07-di-mana-cek-angka-analitik-seller-center.md
tts-pelanggaran-konten-001,Mekanik jualan yang dianggap judi,tiktok-shop,kebijakan-dan-kepatuhan/pelanggaran-konten,1,canonical,true,tidak-diketahui,"tts-kategori-khusus-001, tts-kategori-khusus-002, tts-pelanggaran-seller-002",K1-D-OUTDATED-04,tiktok-shop/kebijakan-dan-kepatuhan/pelanggaran-konten/01-mekanik-yang-dianggap-judi.md
tts-pelanggaran-konten-002,Kena Still Frame dan konten nilai jual rendah,tiktok-shop,kebijakan-dan-kepatuhan/pelanggaran-konten,1,canonical,true,tidak-diketahui,"tts-live-001, tts-live-004, tts-pelanggaran-konten-003",K1-D-OUTDATED-04,tiktok-shop/kebijakan-dan-kepatuhan/pelanggaran-konten/02-konten-nilai-jual-rendah-dan-still-frame.md
tts-pelanggaran-konten-003,"Kenapa ""cek link di bio"" bikin kena pelanggaran",tiktok-shop,kebijakan-dan-kepatuhan/pelanggaran-konten,1,canonical,true,tidak-diketahui,"tts-pelanggaran-seller-004, tts-pelanggaran-konten-004",K1-D-OUTDATED-04,tiktok-shop/kebijakan-dan-kepatuhan/pelanggaran-konten/03-pengalihan-traffic-ke-luar-platform.md
tts-pelanggaran-konten-004,Nyusun klaim produk yang gak kena pelanggaran,tiktok-shop,kebijakan-dan-kepatuhan/pelanggaran-konten,1,canonical,true,tidak-diketahui,"tts-pelanggaran-konten-005, tts-pelanggaran-konten-006, tts-kebijakan-iklan-003",K1-D-OUTDATED-04,tiktok-shop/kebijakan-dan-kepatuhan/pelanggaran-konten/04-nyusun-klaim-produk-yang-gak-kena-pelanggaran.md
tts-pelanggaran-konten-005,Produk pengelolaan berat badan — apa yang gak boleh dijual sama sekali,tiktok-shop,kebijakan-dan-kepatuhan/pelanggaran-konten,2,canonical,true,tidak-diketahui,"tts-pelanggaran-konten-004, tts-pelanggaran-konten-007",K1-D-OUTDATED-04,tiktok-shop/kebijakan-dan-kepatuhan/pelanggaran-konten/05-produk-pengelolaan-berat-badan.md
tts-pelanggaran-konten-006,Empat kesalahan pedoman komunitas yang paling sering kejadian,tiktok-shop,kebijakan-dan-kepatuhan/pelanggaran-konten,1,canonical,false,tidak-diketahui,"tts-diversity-003, tts-pelanggaran-konten-004",,tiktok-shop/kebijakan-dan-kepatuhan/pelanggaran-konten/06-pedoman-komunitas-empat-kesalahan-umum.md
tts-pelanggaran-konten-007,"Nyusun klaim suplemen, protein, dan F&B",tiktok-shop,kebijakan-dan-kepatuhan/pelanggaran-konten,2,canonical,true,tidak-diketahui,"tts-pelanggaran-konten-004, tts-pelanggaran-konten-005",K1-D-OUTDATED-04,tiktok-shop/kebijakan-dan-kepatuhan/pelanggaran-konten/07-nyusun-klaim-suplemen-dan-makanan.md
tts-pelanggaran-konten-008,Pelanggaran IPR dan cara cegahnya sebelum upload,tiktok-shop,kebijakan-dan-kepatuhan/pelanggaran-konten,1,canonical,true,tidak-diketahui (pedoman) / 2025-09 (brand authorization),"tts-diversity-004, tts-kategori-khusus-001, tts-upload-005",K1-D-OUTDATED-04,tiktok-shop/kebijakan-dan-kepatuhan/pelanggaran-konten/08-pelanggaran-ipr-dan-cara-cegahnya.md
tts-pelanggaran-seller-001,SLA pengiriman dan kapan pesanan dibatalin sistem,tiktok-shop,kebijakan-dan-kepatuhan/pelanggaran-seller,1,canonical,true,tidak-diketahui,"tts-pelanggaran-seller-002, tts-segmentasi-005",K1-D-OUTDATED-04,tiktok-shop/kebijakan-dan-kepatuhan/pelanggaran-seller/01-sla-pengiriman-dan-auto-cancel.md
tts-pelanggaran-seller-002,Poin Pelanggaran Seller dan Order Volume Limit,tiktok-shop,kebijakan-dan-kepatuhan/pelanggaran-seller,2,canonical,true,tidak-diketahui,"tts-pelanggaran-seller-001, tts-pelanggaran-konten-001, tts-segmentasi-005",K1-D-OUTDATED-04,tiktok-shop/kebijakan-dan-kepatuhan/pelanggaran-seller/02-poin-pelanggaran-dan-order-volume-limit.md
tts-pelanggaran-seller-003,Syarat retur dan rating yang dilarang platform,tiktok-shop,kebijakan-dan-kepatuhan/pelanggaran-seller,1,canonical,false,tidak-diketahui,"tts-pelanggaran-seller-004, tts-pelanggaran-seller-002",,tiktok-shop/kebijakan-dan-kepatuhan/pelanggaran-seller/03-praktik-dagang-yang-dilarang.md
tts-pelanggaran-seller-004,Kenapa gak boleh tarik pembeli ke WhatsApp,tiktok-shop,kebijakan-dan-kepatuhan/pelanggaran-seller,1,canonical,false,tidak-diketahui,"tts-pelanggaran-konten-003, tts-pelanggaran-seller-003",,tiktok-shop/kebijakan-dan-kepatuhan/pelanggaran-seller/04-kenapa-gak-boleh-tarik-pembeli-ke-whatsapp.md
tts-produk-001,Nentuin SKU mana yang udah jadi Hero,tiktok-shop,produk-dan-sku,1,canonical,false,2024-Q2 (data) / 2026-01 (playbook),"tts-produk-006, tts-produk-007, tts-produk-008, tts-gmvmax-002",,tiktok-shop/produk-dan-sku/01-nentuin-sku-mana-yang-bisa-jadi-hero.md
tts-produk-002,Bikin Hero SKU dari nol pakai data kategori,tiktok-shop,produk-dan-sku,2,canonical,false,2026-01,"tts-produk-001, tts-produk-003, tts-produk-004, tts-produk-009",,tiktok-shop/produk-dan-sku/02-bikin-hero-sku-dari-nol.md
tts-produk-003,Nentuin tier harga yang layak dimasukin,tiktok-shop,produk-dan-sku,2,canonical,false,2026-01,"tts-produk-002, tts-produk-008, tts-produk-004",,tiktok-shop/produk-dan-sku/03-nentuin-tier-harga.md
tts-produk-004,Baca kompetitor buat nentuin celah,tiktok-shop,produk-dan-sku,3,canonical,false,2026-01,"tts-produk-002, tts-produk-003, tts-produk-005",,tiktok-shop/produk-dan-sku/04-baca-kompetitor-buat-nentuin-celah.md
tts-produk-005,"Nyusun foto utama, judul, dan halaman produk",tiktok-shop,produk-dan-sku,2,canonical,false,2026-01 (playbook) / 2026-04 (spesifikasi),"tts-produk-004, tts-produk-008, tts-upload-001, tts-pelanggaran-konten-004",K1-D-GAP-05,tiktok-shop/produk-dan-sku/05-nyusun-foto-utama-judul-dan-pdp.md
tts-produk-006,Baca funnel produk toko lu,tiktok-shop,produk-dan-sku,2,canonical,false,2026-01,"tts-produk-001, tts-produk-007, tts-produk-008",,tiktok-shop/produk-dan-sku/06-baca-funnel-produk-toko-lu.md
tts-produk-007,Umur Hero SKU dan kapan harus nyiapin pengganti,tiktok-shop,produk-dan-sku,2,canonical,false,2024-Q2,"tts-produk-001, tts-produk-002, tts-produk-008",K1-D-OUTDATED-01,tiktok-shop/produk-dan-sku/07-umur-hero-sku-dan-nyiapin-pengganti.md
tts-produk-008,Naikin AOV lewat bundling Hero SKU,tiktok-shop,produk-dan-sku,2,canonical,false,2024-Q2,"tts-produk-003, tts-produk-007, tts-live-006",,tiktok-shop/produk-dan-sku/08-naikin-aov-lewat-bundling.md
tts-produk-009,Kenapa bestseller di platform lain belum tentu jalan di TikTok Shop,tiktok-shop,produk-dan-sku,1,canonical,false,2024-Q2,"tts-produk-001, tts-produk-002, tts-000",,tiktok-shop/produk-dan-sku/09-jangan-copy-paste-bestseller-dari-platform-lain.md
tts-produk-010,Setup toko dan cara pecah telur (seller baru),tiktok-shop,produk-dan-sku,1,canonical,false,2026-01,"tts-produk-011, tts-konten-011, tts-dasar-002",,tiktok-shop/produk-dan-sku/01-setup-toko-dan-pecah-telur.md
tts-produk-011,"Buat SKU yang menjual (judul, gambar, deskripsi)",tiktok-shop,produk-dan-sku,1,canonical,false,2025-10,"tts-produk-010, tts-traffic-004",,tiktok-shop/produk-dan-sku/02-buat-sku-yang-menjual.md
tts-produk-012,SKU Hero dan Super Hero (kapan sebuah produk layak digenjot),tiktok-shop,produk-dan-sku,2,canonical,true,2025-03,"tts-iklan-002, tts-produk-011",K2-D-OUTDATED-01,tiktok-shop/produk-dan-sku/03-sku-hero-dan-super-hero.md
tts-produk-013,"Full assortment — matriks produk baru, bestseller, long-tail",tiktok-shop,produk-dan-sku,2,canonical,false,2026-04,"tts-produk-014, tts-traffic-007",,tiktok-shop/produk-dan-sku/04-full-assortment.md
tts-produk-014,"Full price range — susun harga tinggi, tengah, rendah per channel",tiktok-shop,produk-dan-sku,2,canonical,false,2026-04,tts-produk-013,,tiktok-shop/produk-dan-sku/05-full-price-range.md
tts-produk-015,Bentuk assortment beda tiap kategori,tiktok-shop,produk-dan-sku,3,canonical,false,2026-04,"tts-produk-013, tts-produk-014",,tiktok-shop/produk-dan-sku/06-bentuk-assortment-per-kategori.md
tts-produk-016,Tiering produk S/A/B dan perlakuan tiap tier,tiktok-shop,produk-dan-sku,3,canonical,false,2026-04,"tts-produk-013, tts-produk-015",,tiktok-shop/produk-dan-sku/07-product-tiering-sab.md
tts-produk-017,Trafik produk baru dan program new-product boost,tiktok-shop,produk-dan-sku,2,canonical,true,2026-04,tts-produk-013,K2-D-OUTDATED-004,tiktok-shop/produk-dan-sku/08-trafik-produk-baru-dan-new-boost.md
tts-script-001,Framework V/P/R buat script closing live,tiktok-shop,script,2,canonical,false,2026-04,"tts-script-002, tts-script-003",,tiktok-shop/script-jualan/01-framework-vpr.md
tts-script-002,Tiga strategi nyusun V/P/R sepanjang sesi,tiktok-shop,script,3,canonical,false,2026-04,tts-script-001,,tiktok-shop/script-jualan/02-tiga-strategi-closing-vpr.md
tts-script-003,Ekstraksi V/P/R dan nentuin selling point produk,tiktok-shop,script,2,canonical,false,2026-04,"tts-script-001, tts-script-002",,tiktok-shop/script-jualan/03-ekstraksi-vpr-dan-selling-point.md
tts-segmentasi-000,Basic Seller — sembilan kriteria dan cara ngejarnya,tiktok-shop,segmentasi-toko,1,canonical,true,2026-06,"tts-segmentasi-001, tts-gmvmax-001, tts-live-001, tts-konten-001",K1-D-GAP-06,tiktok-shop/segmentasi-toko/00-basic-seller-sembilan-kriteria.md
tts-segmentasi-001,Nentuin toko lu ada di tahap mana,tiktok-shop,segmentasi-toko,1,blocked,true,2026-01,"tts-segmentasi-002, tts-segmentasi-003, tts-benchmark-001",K1-D-CONFLICT-02,tiktok-shop/segmentasi-toko/01-nentuin-tahap-toko-lu.md
tts-segmentasi-002,Ngitung target belanja iklan dari Take Rate,tiktok-shop,segmentasi-toko,2,canonical,true,2026-04 (benchmark) / 2026-01 (aturan per tahap),"tts-segmentasi-000, tts-segmentasi-001, tts-benchmark-001, tts-gmvmax-002, tts-benchmark-003",K1-D-CONFLICT-02,tiktok-shop/segmentasi-toko/02-baca-take-rate-buat-nentuin-belanja-iklan.md
tts-segmentasi-003,Prioritas kerja per tahap toko,tiktok-shop,segmentasi-toko,2,blocked,true,2026-01,"tts-segmentasi-001, tts-segmentasi-002, tts-produk-001","K1-D-CONFLICT-02, K1-D-OUTDATED-02",tiktok-shop/segmentasi-toko/03-prioritas-kerja-per-tahap-toko.md
tts-segmentasi-004,Misi Penjual — jalur percepatan ke Basic Seller,tiktok-shop,segmentasi-toko,1,canonical,true,2026-06,"tts-segmentasi-000, tts-live-009",K1-D-GAP-06,tiktok-shop/segmentasi-toko/04-misi-penjual.md
tts-segmentasi-005,"Rating toko, Rating kinerja penjual & Power Shop — target angka",tiktok-shop,segmentasi-toko,2,canonical,true,2026-07,"tts-segmentasi-000, tts-segmentasi-001, tts-afiliasi-008","K1-D-OUTDATED-04, K1-D-GAP-06",tiktok-shop/segmentasi-toko/05-rating-toko-kinerja-penjual-power-shop.md
tts-traffic-001,Enam pintu masuk order dan diagnosa toko sepi,tiktok-shop,traffic,2,canonical,true,2026-01,"tts-traffic-002, tts-traffic-003, tts-traffic-004, tts-traffic-006",,tiktok-shop/traffic-dan-masalah-toko/01-enam-pintu-masuk-order-dan-diagnosa-toko-sepi.md
tts-traffic-002,Store rating (PQPDA) dan dampaknya ke affiliate,tiktok-shop,traffic,2,canonical,true,2026-01,"tts-traffic-001, tts-afiliasi-005",K2-D-OUTDATED-02,tiktok-shop/traffic-dan-masalah-toko/02-store-rating-pqpda-dan-affiliate.md
tts-traffic-003,Omzet stuck: cara bedah masalahnya,tiktok-shop,traffic,2,canonical,false,2026-01,"tts-traffic-001, fnd-analisa-003, fnd-analisa-002",,tiktok-shop/traffic-dan-masalah-toko/03-omzet-stuck-cara-bedah.md
tts-traffic-004,Shop Tab dan optimasi halaman produk (PDP),tiktok-shop,traffic,1,canonical,true,2026-01,"tts-produk-011, tts-traffic-001",K2-D-OUTDATED-02,tiktok-shop/traffic-dan-masalah-toko/04-shop-tab-optimasi-pdp.md
tts-traffic-005,Peta full-funnel TikTok Shop — content channel vs shop channel,tiktok-shop,traffic,1,canonical,false,2026-04,"tts-traffic-006, tts-traffic-007",,tiktok-shop/traffic-dan-masalah-toko/05-model-full-funnel-tiktok-shop.md
tts-traffic-006,Empat sumber trafik dan empat tempat konversi,tiktok-shop,traffic,2,canonical,false,2026-04,"tts-traffic-005, tts-traffic-007, tts-traffic-001",,tiktok-shop/traffic-dan-masalah-toko/06-empat-sumber-trafik-dan-channel-konversi.md
tts-traffic-007,Perilaku beli beda tiap channel — impuls vs kebutuhan,tiktok-shop,traffic,2,canonical,false,2026-04,"tts-traffic-005, tts-produk-013",,tiktok-shop/traffic-dan-masalah-toko/07-perilaku-beli-per-channel.md
tts-traffic-008,Deteksi kanibalisasi antar channel dan jaga trafik For You,tiktok-shop,traffic,3,canonical,false,2026-04,"tts-metrik-001, tts-traffic-006",,tiktok-shop/traffic-dan-masalah-toko/08-jaga-feed-dan-kanibalisasi-channel.md
tts-traffic-009,Naikin first-purchase rate dan follow rate biar trafik nambah,tiktok-shop,traffic,3,canonical,false,2026-04,"tts-traffic-008, tts-script-001",,tiktok-shop/traffic-dan-masalah-toko/09-first-purchase-dan-follower-conversion.md
tts-traffic-010,"After-sales — balas chat, komplain, retur, dan CRM pembeli",tiktok-shop,traffic-dan-masalah-toko,2,canonical,true,2026-07,"tts-segmentasi-005, tts-metrik-007, tts-metrik-003, tts-pelanggaran-seller-001",,tiktok-shop/traffic-dan-masalah-toko/10-after-sales-chat-komplain-retur-crm.md
tts-ttms-001,Syarat dan alur nominasi TTMS Lite,tiktok-shop,iklan/consideration-dan-ttms,3,canonical,true,2026-01,"tts-ttms-002, tts-ttms-003, tts-segmentasi-003",K1-D-OUTDATED-03,tiktok-shop/iklan/consideration-dan-ttms/01-syarat-dan-alur-nominasi-ttms-lite.md
tts-ttms-002,"Baca audiens ACC — Awareness, Consideration, Conversion",tiktok-shop,iklan/consideration-dan-ttms,3,canonical,true,2026-01,"tts-ttms-001, tts-ttms-003",K1-D-OUTDATED-03,tiktok-shop/iklan/consideration-dan-ttms/02-baca-audiens-acc.md
tts-ttms-003,Jalanin Consideration Ads bareng GMV Max,tiktok-shop,iklan/consideration-dan-ttms,3,blocked,true,2026-01,"tts-ttms-001, tts-ttms-002, tts-gmvmax-001","K1-D-GAP-01, K1-D-OUTDATED-03",tiktok-shop/iklan/consideration-dan-ttms/03-jalanin-consideration-ads-bareng-gmv-max.md
tts-upload-001,Upload satu produk — empat bagian yang harus diisi,tiktok-shop,upload-produk,1,canonical,true,2026-04,"tts-upload-002, tts-upload-004, tts-produk-005, tts-upload-005",,tiktok-shop/upload-produk/01-upload-satu-produk.md
tts-upload-002,Batch upload dan batch edit produk,tiktok-shop,upload-produk,2,canonical,true,2026-04,"tts-upload-001, tts-upload-004, tts-produk-006",,tiktok-shop/upload-produk/02-batch-upload-dan-batch-edit.md
tts-upload-003,Kategori produk yang aturannya beda per platform,tiktok-shop,upload-produk,1,canonical,true,2026-04,"tts-upload-001, tts-upload-005, tts-kebijakan-iklan-002",,tiktok-shop/upload-produk/03-metode-upload-mana-yang-dipakai.md
tts-upload-004,Product Media Center — penyimpanan gambar dan video,tiktok-shop,upload-produk,2,canonical,true,2024-03,"tts-upload-001, tts-upload-002, tts-produk-005",,tiktok-shop/upload-produk/04-product-media-center.md
tts-upload-005,Brand Authorization — lima tingkat dan cara ngajuinnya,tiktok-shop,upload-produk,2,canonical,true,2025-09,"tts-upload-003, tts-pelanggaran-konten-008, tts-upload-001",,tiktok-shop/upload-produk/05-brand-authorization.md
tts-upload-006,Kualitas dan kesiapan produk — dua kriteria Basic Seller,tiktok-shop,upload-produk,1,canonical,true,2026-06,"tts-segmentasi-000, tts-upload-001, tts-upload-002, tts-produk-005, tts-produk-006",K1-D-GAP-06,tiktok-shop/upload-produk/06-kualitas-dan-kesiapan-produk.md
